taxon,p-value,clr_diff,q_value
Peptostreptococcus stomatis,1.2959844892189761e-06,2.4732823833322946,0.0003382519516861528
Dialister pneumosintes,2.75637165185556e-05,2.321166401482477,0.002398043337114337
Fusobacterium nucleatum,1.8388289782483532e-05,1.7690078659982853,0.002398043337114337
Anaerostipes hadrus,0.000144280885542255,-1.8438447391087287,0.00941432778163214
Streptococcus salivarius,0.00020741229848888983,-2.1236926511001695,0.01082692198112005
Anaerobutyricum hallii,0.0003159356045241633,-1.5717950403075522,0.013743198796801104
Blautia wexlerae,0.000392525545332873,-1.6018163342630451,0.014635595333125693
Parvimonas micra,0.0006130955806426388,2.028745100230813,0.020002243318466093
Ruminococcus bicirculans,0.0008025943140202894,-2.524110517843485,0.023275235106588393
[Eubacterium] rectale,0.0010039926427946057,-1.810495148040041,0.023822007251762915
Lachnospira eligens,0.0010039926427946057,-2.0725397618055807,0.023822007251762915
Gemella morbillorum,0.0022823575897066755,1.4130990533069436,0.04964127757612019
Fusicatenibacter saccharivorans,0.0027536044239303546,-1.382736197150217,0.05133505390327304
Roseburia intestinalis,0.0026527862771936325,-1.9746065049370232,0.05133505390327304
Eubacterium ventriosum,0.0039722099861037976,-2.0208091486563093,0.06911645375820608
Desulfovibrio piger,0.005187684334260358,1.662137779015686,0.0846241007026221
Anaerotignum lactatifermentans,0.007083750781967012,1.28344880000657,0.10271438633852167
Dorea formicigenerans,0.006846009004207949,-1.375543395545289,0.10271438633852167
Bacteroides xylanisolvens,0.009580324848529338,-1.5033838699751463,0.1316034097613767
[Clostridium] symbiosum,0.01262984002186866,1.5903051658578684,0.15697086884322478
Ruminococcus bromii,0.01262984002186866,-1.5553201911476338,0.15697086884322478
Lachnoclostridium sp. An138,0.015756685699463438,0.6612108107375441,0.17880412902434598
Eubacterium ramulus,0.015512640207565265,-1.3373266059214226,0.17880412902434598
Fretibacterium fastidiosum,0.01676696066260588,0.582568171807478,0.18234069720583895
Solobacterium moorei,0.017833663817901826,1.2149027538403718,0.18618345025889504
Ruthenibacterium lactatiformans,0.01925031817693488,0.9915371032465874,0.19324357862230784
Bilophila wadsworthia,0.02446489330827925,1.08881156572872,0.19927637474976176
Alistipes inops,0.02519586347410781,0.9924347871854254,0.19927637474976176
Coprococcus comes,0.021079323743469765,-1.0942183820539109,0.19927637474976176
Phascolarctobacterium faecium,0.0217217619472726,1.2682073060461847,0.19927637474976176
Gemella sanguinis,0.02482804865145891,-0.8655481593946607,0.19927637474976176
Bifidobacterium longum,0.02446489330827925,-1.561068853813071,0.19927637474976176
Flavonifractor plautii,0.024106349990712865,1.4568700177878073,0.19927637474976176
Intestinibacter bartlettii,0.027905082880234366,-1.4586257498506638,0.21421254799238734
Bacteroides nordii,0.030423613920701864,1.021851424117369,0.21770090423780772
Streptococcus sp. A12,0.030423613920701864,-0.7408628494436953,0.21770090423780772
Phocaeicola plebeius,0.0308618140107237,0.9614829562378234,0.21770090423780772
Hungatella hathewayi,0.03220906866763573,1.4080389228378314,0.2212254453224454
Lachnoclostridium sp. An131,0.03505528196496577,0.7523499766168016,0.22315679494770893
Intestinimonas butyriciproducens,0.03360641091580709,1.1894543299038296,0.22315679494770893
Actinomyces sp. ICM47,0.03505528196496577,-0.7868655991969802,0.22315679494770893
Ruminococcaceae bacterium D5,0.03605054509076364,1.150012360913852,0.2240283873497455
Mogibacterium timidum,0.04196532468481219,0.6180629970946929,0.25471976145897635
Bacteroides faecis CAG:32,0.048681475444716724,0.1482945670879139,0.26110238514999545
[Eubacterium] infirmum,0.0499948016393236,0.4214621782989214,0.26110238514999545
Streptococcus sanguinis,0.052020398573945456,-0.8475897350975501,0.26110238514999545
Mitsuokella jalaludinii,0.050662525265380315,0.686306593626103,0.26110238514999545
Parabacteroides sp. CAG:409,0.0467658798895863,0.8309398255317721,0.26110238514999545
Escherichia coli,0.044310764721911845,1.5524032919113853,0.26110238514999545
Faecalibacterium prausnitzii,0.052020398573945456,-0.5395974303075448,0.26110238514999545
Parabacteroides merdae,0.04933447196566473,1.239702213930109,0.26110238514999545
Actinomyces sp. oral taxon 181,0.04933447196566473,0.5383257931731522,0.26110238514999545
Prevotella sp. CAG:279,0.0585130681664016,0.7831930345550128,0.28166534331994236
Schaalia odontolytica,0.06483635557325494,-0.5526864817005711,0.28166534331994236
Bacteroides fragilis,0.06650236876398394,1.2992627747831351,0.28166534331994236
Streptococcus australis,0.06483635557325494,-0.7661763836122537,0.28166534331994236
Roseburia sp. CAG:182,0.06906736387921958,0.5134331402495682,0.28166534331994236
Acidaminococcus intestini,0.06734850606085964,0.8001827789439933,0.28166534331994236
Streptococcus thermophilus,0.06004379478932312,-1.3651067845850997,0.28166534331994236
Mitsuokella multacida,0.06566500668855976,0.6320595632575599,0.28166534331994236
Enterocloster lavalensis,0.06240202704186496,0.8179602849942534,0.28166534331994236
Eisenbergiella tayi,0.06240202704186496,0.86206169459816,0.28166534331994236
Roseburia sp. CAG:471,0.06566500668855976,-1.0535950609496791,0.28166534331994236
Phascolarctobacterium sp. CAG:266,0.06820348294453939,0.8248293534511386,0.28166534331994236
Acidaminococcus fermentans,0.07082209622106064,0.38263998963261603,0.2843779555953358
Lawsonibacter asaccharolyticus,0.07630672130055109,0.6147428279423988,0.30175839787036113
Turicibacter sanguinis,0.08313813936528355,0.30098287635029386,0.3191037407991031
Blautia obeum,0.08313813936528355,-0.4695315458855749,0.3191037407991031
Clostridium sp. CAG:58,0.09599520190700654,0.8734805279201425,0.36311228547432906
Bacteroides salyersiae,0.09828517673595778,0.7690963534675708,0.3664633018297855
Catenibacterium mitsuokai,0.10541769856060831,0.27361490257346666,0.3875213989340672
Butyricimonas synergistica,0.10913485322320973,0.557231461937131,0.39561384293413526
Roseburia faecis,0.11955493629716141,-0.7126718003492911,0.4131379502810863
Coprobacter secundus,0.12227805986479152,0.4730743751077118,0.4131379502810863
Streptococcus milleri,0.11687955311472467,0.515254574557908,0.4131379502810863
Eubacterium sp. CAG:38,0.12091049956627326,-0.9678491000809737,0.4131379502810863
Lactobacillus paragasseri,0.12504941790117172,0.6463540225294155,0.4131379502810863
Tractidigestivibacter scatoligenes,0.12365767884005732,0.6979096263122376,0.4131379502810863
Dorea longicatena,0.12227805986479152,-0.4678378713589,0.4131379502810863
Paraprevotella clara,0.13513605832126852,0.336865557562676,0.44088139027313855
Ruminococcus callidus,0.13813047743732026,0.25650514729110574,0.44508709396469864
Gordonibacter pamelaeae,0.14742084846153725,-0.5816777880521191,0.4470439032874541
Gemmiger formicilis,0.1458401260299322,-0.6286555261357547,0.4470439032874541
Lancefieldella parvula,0.14271764550005323,0.43219265825920017,0.4470439032874541
Clostridium sp. CAG:242,0.14427241065852295,0.5933003396170653,0.4470439032874541
Victivallis vadensis,0.14742084846153725,0.1751758459026771,0.4470439032874541
Phocaeicola coprocola,0.14901463442915136,0.28338927724275464,0.4470439032874541
Ruminococcaceae bacterium D16,0.1522416209670199,0.46238980031569676,0.4515348076408204
Firmicutes bacterium CAG:94,0.15718146687861267,0.5462844472060338,0.4551846195805533
Butyrivibrio sp. CAG:318,0.16742422789169775,-0.1060939015549256,0.4551846195805533
Agathobaculum butyriciproducens,0.15885479817151682,-0.7501095265928028,0.4551846195805533
Aeriscardovia aeriphila,0.15718146687861267,-0.5109717947254528,0.4551846195805533
Ruminococcus sp. CAG:403,0.16568313047175776,0.2666900846857354,0.4551846195805533
Clostridium disporicum,0.16054157720854956,0.4640591800873045,0.4551846195805533
Streptococcus parasanguinis,0.1622418571839236,-0.6171538880637135,0.4551846195805533
[Eubacterium] sulci,0.16395569084263695,-0.49635266467351935,0.4551846195805533
Bacteroides thetaiotaomicron,0.1709476009999893,0.7627279413462364,0.45527881490813477
[Bacteroides] pectinophilus,0.1709476009999893,0.1735256961913456,0.45527881490813477
Christensenella hongkongensis,0.18371701337955637,0.22264194655747005,0.48434485345519407
Butyricimonas virosa,0.19132402817450322,0.47675651606375635,0.4895644250347582
Holdemania filiformis,0.19132402817450322,0.24090030961610343,0.4895644250347582
[Ruminococcus] torques,0.19132402817450322,-0.7372850257316581,0.4895644250347582
Akkermansia muciniphila,0.19326149366467593,0.8251931163751176,0.48972087229592637
Megasphaera elsdenii,0.19521333230449833,0.10063063272545647,0.4899103820334045
Methanobrevibacter smithii,0.20115551567981527,0.565455121237594,0.5000151389755408
Clostridium bolteae CAG:59,0.2031652723655072,0.6653091652796488,0.5002465668622395
Actinomyces sp. HPA0247,0.2092821981650882,0.28059397646446627,0.5057653122322965
Actinomyces oris,0.2092821981650882,-0.6753391453191813,0.5057653122322965
Actinomyces graevenitzii,0.2113505231484426,0.23137299042343007,0.5060778581811332
Eubacterium limosum,0.21343358688662029,0.7031842252578695,0.5064196925218899
Holdemanella biformis,0.2155314266965933,0.35459743447210157,0.5067901114217195
Streptococcus vestibularis,0.21977158032895405,-0.5581294652054873,0.5121462720165804
Firmicutes bacterium CAG:95,0.22191396528907836,0.23662193882184945,0.5125623446057473
[Eubacterium] siraeum,0.2284307644988508,0.6103809005640715,0.522986223984211
Bacteroides finegoldii,0.23063302245643524,0.4755495196539221,0.5234366857489531
[Eubacterium] brachy,0.23285032938582806,-0.3670103442327546,0.5239132411181132
Streptococcus oralis,0.23508271606994946,0.6864690516438812,0.5244152896945027
Eggerthella lenta,0.24187065092075855,-0.7001213242557284,0.5349850838162541
Parabacteroides johnsonii,0.2464718690447344,-0.09068515573932201,0.5366577107341153
Streptococcus sp. F0442,0.24879533716026037,0.15955043463141272,0.5366577107341153
Faecalicoccus pleomorphus,0.24879533716026037,0.27097264617727346,0.5366577107341153
Turicimonas muris,0.255857478137442,-0.6377429485731831,0.5429170877550599
Alistipes finegoldii,0.255857478137442,0.623490742449949,0.5429170877550599
Streptococcus infantis,0.2582421826265625,-0.46746077375124573,0.5435581424639743
Streptococcus mitis,0.2606422530734489,-0.5882854904089898,0.5442210244173613
Streptococcus gordonii,0.2654885751762167,-0.5268022451456094,0.5463359383939407
Rothia dentocariosa,0.2679348663387908,0.08887476330650301,0.5463359383939407
Bacteroides faecis,0.2679348663387908,-0.26981249338055524,0.5463359383939407
Bacteroides cellulosilyticus,0.27039660245764163,0.7917104123134426,0.5470814979956935
[Clostridium] leptum,0.27536647890856625,-0.42424635535573274,0.5528511615010445
Clostridium sp. CAG:299,0.2803983342650638,0.10788368837976448,0.5586562232303942
Hafnia alvei,0.28293754062112364,0.19615519238770607,0.5594446825917672
Enterococcus durans,0.2958668525257159,0.0097552906525471,0.5654642508463578
Desulfovibrionaceae bacterium,0.29064842799436363,0.32768673177364027,0.5654642508463578
Gemella haemolysans,0.3011476278453783,0.24529384520846964,0.5654642508463578
Anaeromassilibacillus sp. An250,0.29064842799436363,0.46997763114997154,0.5654642508463578
Rothia mucilaginosa,0.2984994425297839,-0.2993932796689569,0.5654642508463578
Prevotella sp. CAG:1185,0.3011476278453783,-0.04107510066911879,0.5654642508463578
Blautia sp. CAG:257,0.2958668525257159,-1.0065883344451931,0.5654642508463578
Veillonella atypica,0.30381141488107666,0.45765344530174334,0.5663912805997215
Clostridium paraputrificum,0.3064908090731472,0.1373384435834608,0.5673340508375277
Enterocloster citroniae,0.3091858148793084,0.5481220305214334,0.5682922372077429
Anaerotruncus colihominis,0.31189643577257886,0.7117755014439922,0.5683798931899879
Allisonella histaminiformans,0.3201220088081541,0.2362307113996005,0.5683798931899879
Parabacteroides goldsteinii,0.31736453175276336,-0.8590535948711729,0.5683798931899879
Faecalitalea cylindroides,0.3201220088081541,0.19949640462530582,0.5683798931899879
Coprobacter fastidiosus,0.3146226742352187,0.258832071369033,0.5683798931899879
Enterocloster aldenensis,0.3256838184167137,0.46445468536689827,0.5743478149105559
Dielma fastidiosa,0.33414363315475093,0.31690931716506143,0.5853120017006039
Bifidobacterium adolescentis,0.33986152265544134,-0.9691138465194307,0.591359049420468
Clostridium perfringens,0.34564175764874006,0.2457564927941076,0.5974337665319281
Bifidobacterium pseudocatenulatum,0.3514842635960267,-1.0373323554567564,0.5995908026049868
Bacteroides sp. CAG:144,0.3514842635960267,0.5821130426812272,0.5995908026049868
Veillonella infantium,0.3633557052161023,0.21144303470599657,0.6158171367623552
Lactobacillus gasseri,0.36636232123219137,0.18972466473575955,0.6169068763974319
Phocaeicola massiliensis,0.38162705311534695,0.4144113333771323,0.6355286985521987
Adlercreutzia caecimuris,0.3847261853304498,-0.2961158190656661,0.6355286985521987
Alloscardovia omnicolens,0.3847261853304498,0.062191971488608555,0.6355286985521987
Bacteroides ovatus,0.38784065950478286,-0.6216687122398725,0.6366441014512473
Alistipes putredinis,0.39727587751689075,0.20410029834372345,0.6480562751994281
Oscillibacter sp. CAG:241,0.40364224328016074,0.3073398209192839,0.654351711156037
Cloacibacillus porcorum,0.413305520397912,0.49187811566448514,0.665881116196636
Roseburia hominis,0.4198231399629935,-0.5177710202713484,0.672232144357922
Eubacterium sp. CAG:180,0.42310447460997,0.5491392658119505,0.6733552919097694
Butyrivibrio crossotus,0.426400776256862,-0.4696118161506652,0.6744885006244908
Lancefieldella rimae,0.42971200629774986,0.1664400020309278,0.6756315279741729
Bacteroides clarus,0.43637909143325604,-0.275223077155155,0.6820056458926936
Haemophilus sp. HMSC71H05,0.4397348636077315,0.2566763566415682,0.6831595202477257
Bifidobacterium catenulatum,0.4464906512906648,-1.22499227361489,0.6890615123612052
Enterococcus faecium,0.45673425915129695,-0.7221955585447221,0.6890615123612052
Bifidobacterium dentium,0.4498905770120779,0.6449326377992988,0.6890615123612052
Monoglobus pectinilyticus,0.45673425915129695,-0.21068056394474066,0.6890615123612052
Roseburia inulinivorans,0.45673425915129695,-0.39621400297484666,0.6890615123612052
Bacteroides galacturonicus,0.46710862550666665,0.08314840515046651,0.70066293826
Actinomyces sp. HMSC035G02,0.47761236794981066,-0.16030887955284534,0.7054948965575527
Prevotella copri,0.4811421133610896,0.3700232446587943,0.7054948965575527
Firmicutes bacterium CAG:238,0.47761236794981066,-0.17026493400989384,0.7054948965575527
Massilimicrobiota timonensis,0.4811421133610896,0.38849155286059345,0.7054948965575527
Parabacteroides distasonis,0.491816046366908,0.28218165209767054,0.7131332672320165
Phocaeicola vulgatus,0.491816046366908,-0.37891310299435776,0.7131332672320165
Leuconostoc pseudomesenteroides,0.49900198732795686,-0.06261046858015984,0.7156017510582239
Lactonifactor longoviformis,0.49900198732795686,0.08066624895481489,0.7156017510582239
Erysipelatoclostridium ramosum,0.5026157690011506,0.18395135301160137,0.7168454410344278
Eubacteriaceae bacterium CHKCI005,0.5098846358625666,-0.017943102588321214,0.7193507565412426
Collinsella aerofaciens,0.5098846358625666,-0.17366439821891122,0.7193507565412426
Lachnospira pectinoschiza,0.5208902043135935,-0.646449422949406,0.7309265770206875
Bacteroides stercoris,0.5395009238769236,0.006061451057507772,0.7450250853538469
Alistipes onderdonkii,0.5357523038807638,0.3367975758103492,0.7450250853538469
Sellimonas intestinalis,0.5395009238769236,0.13123735742468023,0.7450250853538469
Ruminococcus obeum CAG:39,0.5470373567666904,-0.17142787503261459,0.7514565795584536
Coprococcus eutactus,0.5508250163021224,-1.074360251751141,0.752698058925937
Barnesiella intestinihominis,0.5546255338214194,-0.3592623430179769,0.7539440850384921
Propionibacterium freudenreichii,0.5622648239983764,-0.17788239122474936,0.7603684925573898
Parasutterella excrementihominis,0.5661034345202781,-0.5751895739876455,0.7616133835556318
Bifidobacterium bifidum,0.5738181729487768,0.04936962797827704,0.768033554562209
Paraprevotella xylaniphila,0.5776941322241451,0.05114178271154382,0.7692763699515401
Dorea sp. CAG:317,0.5854828012794295,-0.5964421817603422,0.775690411847366
Bacteroides caccae,0.5893953360170966,-0.5503325417637517,0.7769302156589001
Eubacterium sp. CAG:251,0.6091364161408384,-0.14336983056167626,0.7806060160670935
[Clostridium] spiroforme,0.6131196677921615,-0.563101116677606,0.7806060160670935
Lacrimispora saccharolytica,0.6051647183246611,0.11050125421321533,0.7806060160670935
Eubacterium sp. OM08-24,0.5972563603807565,-0.02184972789448425,0.7806060160670935
Eisenbergiella massiliensis,0.6051647183246611,0.31285190088759696,0.7806060160670935
Roseburia sp. CAG:309,0.6051647183246611,-0.12930552429767805,0.7806060160670935
Blautia hydrogenotrophica,0.6131196677921615,-0.3904039027483588,0.7806060160670935
Actinomyces sp. S6-Spd3,0.6211204502900585,0.11116632678213367,0.7869535802218702
Enterocloster asparagiformis,0.6251377874506476,0.07243031577510184,0.78821721026386
Bacteroides intestinalis,0.6291662910874383,-0.34990362019738974,0.7894827017972182
Oscillibacter sp. 57_20,0.6535661768440832,0.06595669620874967,0.8161759433316064
[Clostridium] methylpentosum,0.6617841862680091,0.24732683309705905,0.822503202933097
Enorma massiliensis,0.6825064588539191,0.19518022021971,0.8374934123191654
Blautia coccoides,0.6866804223613081,0.2435173334376335,0.8374934123191654
Proteobacteria bacterium CAG:139,0.6825064588539191,-0.6560017861366567,0.8374934123191654
Harryflintia acetispora,0.6866804223613081,0.2315987451723458,0.8374934123191654
Eubacterium sp. CAG:274,0.6908639618046912,-1.120910904548513,0.8386767164233694
Enterococcus faecalis,0.6950569638187197,-0.5938987728414641,0.8398604979476196
Firmicutes bacterium CAG:170,0.6992593141701233,0.19615948611980838,0.8410446128958626
[Clostridium] innocuum,0.7034708977668358,0.4343673811762888,0.8422289188859823
Bacteroides uniformis,0.7161598844214851,-0.19120480518032323,0.8496260447000347
Collinsella intestinalis,0.7161598844214851,0.16988414589794454,0.8496260447000347
Odoribacter splanchnicus,0.7246632272690081,-0.49818198638733957,0.8519689293568069
[Ruminococcus] lactaris,0.7246632272690081,0.0937536375263095,0.8519689293568069
Enterocloster bolteae,0.7546870697471155,0.1970201858798235,0.8832884538295837
Dialister invisus,0.7590078388053841,-0.27024359560469025,0.8843796693223449
Romboutsia ilealis,0.7633361450606431,-0.23534812677568473,0.885469928270346
Veillonella dispar,0.7720148612948681,0.10219226082666477,0.8915746849467282
Lactobacillus delbrueckii,0.7807221958240769,-0.03361108294508797,0.8947926511022015
Lactobacillus rogosae,0.7850862724230043,-0.42276595127814265,0.8947926511022015
Phascolarctobacterium succinatutens,0.7850862724230043,-0.8156235251292981,0.8947926511022015
Mogibacterium diversum,0.7894571152493556,-0.19871067547560173,0.8958622046960079
Haemophilus parainfluenzae,0.8026089299874494,-0.15553019601117052,0.9068438559598454
[Clostridium] scindens,0.8070055235292032,-0.16580956214153564,0.9078812139703536
Alistipes shahii,0.8114082231540579,-0.1489410283407815,0.9089165074815843
Blautia producta,0.815816895046722,-0.4647557436491778,0.9099496137059591
Christensenella minuta,0.824651617550096,0.16739039650414433,0.9158896688535108
Coprococcus catus,0.8423867804432866,-0.170326277653011,0.9160956237320742
Firmicutes bacterium CAG:83,0.8423867804432866,-0.24934474996181288,0.9160956237320742
Enterocloster clostridioformis,0.8379451159703348,0.33970002027403456,0.9160956237320742
Firmicutes bacterium CAG:145,0.8423867804432866,-0.3694993490613412,0.9160956237320742
Bifidobacterium animalis,0.8290773977428763,-0.6152571382326506,0.9160956237320742
Denitrobacterium detoxificans,0.8468334652853593,0.014648493684240371,0.9171101014086256
Actinomyces sp. oral taxon 448,0.8512850324909742,-0.2244645983767346,0.9181214606617532
Veillonella parvula,0.8557413435876937,0.47183305312503887,0.9191295912608562
Leuconostoc mesenteroides,0.8646676413079317,-0.35951608321750705,0.9249108786121729
Clostridium sp. CAG:167,0.8736112418217581,-0.3615470327213406,0.9306634045529749
Coprobacillus cateniformis,0.8780891798550541,-0.12419177489980826,0.9316312030169477
Actinomyces naeslundii,0.8870566264876125,-0.17242984222435997,0.9373351397298254
[Ruminococcus] gnavus,0.8960385562461297,-0.0030927103706195336,0.9430083192751607
Sanguibacteroides justesenii,0.9185492637085964,-0.32347103794078724,0.9628166981041915
Clostridium sp. CAG:253,0.9320882722395327,-0.6480099295714065,0.9731001562180722
Roseburia sp. CAG:303,0.9366058409971849,-0.6190645297286579,0.9739208147420927
Alistipes indistinctus,0.9682778590767744,-0.013854784346453153,0.9887028029107281
Lactococcus lactis,0.9728076923230624,-0.3133001156674445,0.9887028029107281
Phocaeicola dorei,0.9682778590767744,0.1338514760044962,0.9887028029107281
Adlercreutzia equolifaciens,0.9592214084220584,0.04580002854117704,0.9887028029107281
Slackia isoflavoniconvertens,0.9773384028772715,0.17162889939577683,0.9887028029107281
Streptococcus mutans,0.9682778590767744,-0.3139522457210693,0.9887028029107281
Latilactobacillus sakei,0.9773384028772715,-0.372975004118441,0.9887028029107281
Oscillibacter sp. PC13,0.990934337165708,-0.11559102288660439,0.9947456230778838
Bacteroides eggerthii,0.990934337165708,-0.5097552679884939,0.9947456230778838
Firmicutes bacterium CAG:110,1.0,-0.22970631667214314,1.0
