taxon,p-value,q-value
Peptostreptococcus stomatis,7.303411175560584e-07,0.00019061903168213126
Fusobacterium nucleatum,2.854399503365724e-05,0.00372499135189227
Dialister pneumosintes,4.6233661936984686e-05,0.004022328588517668
Parvimonas micra,7.51418131752255e-05,0.004903003309683464
[Eubacterium] rectale,0.0003353379815765832,0.015764524514872542
Anaerostipes hadrus,0.00036240286241086305,0.015764524514872542
Streptococcus salivarius,0.0007461699109610848,0.027821478108691875
Anaerobutyricum hallii,0.0008719363813765859,0.028446924442411117
Gemella morbillorum,0.0011053508068799712,0.028849656059567252
Blautia wexlerae,0.0010627903193000973,0.028849656059567252
Ruminococcus bromii,0.0019523094780810127,0.046322979434467663
Roseburia intestinalis,0.0043041780158252566,0.09361587184419932
Ruminococcus bicirculans,0.004957672860217502,0.09418524637508348
Fusicatenibacter saccharivorans,0.005052082181038961,0.09418524637508348
Lachnospira eligens,0.005859753043039036,0.10195970294887924
Bacteroides nordii,0.006309449788986946,0.10292289968284957
Eubacterium ventriosum,0.007212043837992973,0.1107260848068333
Bifidobacterium longum,0.010596472516180438,0.15364885148461635
Solobacterium moorei,0.012355848005800151,0.16973033313230734
Desulfovibrio piger,0.01367765533768816,0.16999371633983856
Streptococcus sanguinis,0.013435639057120677,0.16999371633983856
Clostridium sp. CAG:58,0.01515982514058621,0.17203105920404352
Dorea formicigenerans,0.014597917219818866,0.17203105920404352
Gemmiger formicilis,0.016561491579334828,0.18010622092526626
Phocaeicola plebeius,0.01819223577166799,0.18992694145621383
Eubacterium ramulus,0.019454406660728608,0.19529231301731412
Anaerotignum lactatifermentans,0.022467539528582343,0.21718621544296265
Streptococcus sp. A12,0.025094091667280542,0.21831859750534072
Ruminococcaceae bacterium D5,0.0245291483869596,0.21831859750534072
Bacteroides xylanisolvens,0.02434764916035707,0.21831859750534072
Ruthenibacterium lactatiformans,0.029303053332130485,0.22301529985121912
Actinomyces sp. ICM47,0.029153858340460612,0.22301529985121912
[Clostridium] symbiosum,0.02927722685978587,0.22301529985121912
[Ruminococcus] lactaris,0.029906266263573445,0.22301529985121912
Faecalibacterium prausnitzii,0.028995156476339413,0.22301529985121912
Phascolarctobacterium sp. CAG:266,0.03214923203701617,0.2330819322683672
Coprococcus comes,0.03503286542509367,0.2471237263770121
Agathobaculum butyriciproducens,0.04120087356340148,0.28298494736967855
Flavonifractor plautii,0.043754049038204706,0.2867591749359209
Bacteroides stercoris,0.04394776627370435,0.2867591749359209
Lachnoclostridium sp. An138,0.04619971233763852,0.294100607807894
Fretibacterium fastidiosum,0.048907753889175676,0.303926756311306
Intestinibacter bartlettii,0.05248263027008388,0.31855736047655564
Lachnospira pectinoschiza,0.05421514707919732,0.32159439517432953
Lawsonibacter asaccharolyticus,0.056251081265760484,0.3262562713414108
Bacteroides fragilis,0.05812149823756829,0.3297763269566375
Phascolarctobacterium faecium,0.06078603605298073,0.3375564980814462
Bilophila wadsworthia,0.06389184211516431,0.34741189150120594
Eubacterium sp. CAG:180,0.07223156482095731,0.3696556552601933
Escherichia coli,0.07034450766845429,0.3696556552601933
Prevotella sp. CAG:279,0.07106334754024597,0.3696556552601933
Alistipes inops,0.07769826610398056,0.38998552794497937
Gemella sanguinis,0.08093072481722706,0.3911651699499308
Parabacteroides sp. CAG:409,0.07949957394820346,0.3911651699499308
Hungatella hathewayi,0.08887435131526061,0.42174919442332764
Lachnoclostridium sp. An131,0.09134576078240024,0.42573649221797255
Schaalia odontolytica,0.09786897513340335,0.43078748072870787
Dorea longicatena,0.09746295794810059,0.43078748072870787
Roseburia sp. CAG:182,0.1006821315113072,0.43078748072870787
Intestinimonas butyriciproducens,0.09675964533062036,0.43078748072870787
Eisenbergiella tayi,0.09963254410894594,0.43078748072870787
Ruminococcus callidus,0.10696942392087751,0.4503067684411134
Mitsuokella jalaludinii,0.1120053232498883,0.4640220534638229
Bacteroides cellulosilyticus,0.13166767721193554,0.4840177993283827
Mogibacterium timidum,0.12921988445672092,0.4840177993283827
Monoglobus pectinilyticus,0.12397471759470599,0.4840177993283827
Actinomyces sp. oral taxon 181,0.13095922089911127,0.4840177993283827
Streptococcus milleri,0.1232890676477746,0.4840177993283827
Bacteroides faecis CAG:32,0.12821835706462933,0.4840177993283827
Prevotella copri,0.12975866597706534,0.4840177993283827
Phocaeicola massiliensis,0.12960042342823075,0.4840177993283827
Streptococcus thermophilus,0.1387165838259733,0.49595929285724705
[Eubacterium] infirmum,0.13779467593313172,0.49595929285724705
Clostridium sp. CAG:299,0.14515685569279,0.5045972345542576
Parabacteroides merdae,0.14693252806943902,0.5045972345542576
Mitsuokella multacida,0.14312503541555932,0.5045972345542576
Enterocloster lavalensis,0.149933470807633,0.5082160503998989
Parabacteroides distasonis,0.16196359395351703,0.5400798928105497
Streptococcus australis,0.16347245797713955,0.5400798928105497
Roseburia sp. CAG:471,0.1712784935074253,0.5515669569248924
Acidaminococcus intestini,0.1692281035701024,0.5515669569248924
Alistipes indistinctus,0.17328923550897002,0.5515669569248924
Roseburia faecis,0.18811081541381708,0.5723371193785944
Firmicutes bacterium CAG:94,0.1829430344306208,0.5723371193785944
Turicibacter sanguinis,0.18558885794372407,0.5723371193785944
Acidaminococcus fermentans,0.18858617726651003,0.5723371193785944
Catenibacterium mitsuokai,0.19166784890570246,0.5750035467171074
Butyricimonas virosa,0.1974230517154744,0.5855388238379411
Eubacterium sp. CAG:38,0.20943841532500249,0.6141958022452321
Streptococcus oralis,0.22201665305396165,0.6423497559261194
Leuconostoc pseudomesenteroides,0.22530431043274965,0.6423497559261194
Lactobacillus delbrueckii,0.22642213618851717,0.6423497559261194
Gordonibacter pamelaeae,0.2346392820198971,0.658503791475195
Bacteroides salyersiae,0.24184173354749525,0.6714967282542156
Holdemanella biformis,0.2970947704436783,0.68621004500708
[Eubacterium] sulci,0.2805436634921578,0.68621004500708
Ruminococcaceae bacterium D16,0.29020849785800285,0.68621004500708
Blautia obeum,0.25590794711622183,0.68621004500708
Butyrivibrio sp. CAG:318,0.2704122817613997,0.68621004500708
Butyrivibrio crossotus,0.2894488802134893,0.68621004500708
Butyricimonas synergistica,0.2920120236148569,0.68621004500708
Coprobacter secundus,0.28537195291942724,0.68621004500708
Romboutsia ilealis,0.2601249673069415,0.68621004500708
Erysipelatoclostridium ramosum,0.2884767022353454,0.68621004500708
Bacteroides ovatus,0.29419595420507677,0.68621004500708
Phocaeicola vulgatus,0.2586090979173659,0.68621004500708
[Ruminococcus] torques,0.29614778531968405,0.68621004500708
Streptococcus parasanguinis,0.2737135277695062,0.68621004500708
Tractidigestivibacter scatoligenes,0.28575615010302596,0.68621004500708
Lactobacillus paragasseri,0.29388865720291096,0.68621004500708
Firmicutes bacterium CAG:110,0.27660975717100506,0.68621004500708
Enterocloster citroniae,0.2943516439941951,0.68621004500708
Aeriscardovia aeriphila,0.2716825338389627,0.68621004500708
Eubacterium sp. OM08-24,0.30203690041710324,0.6915055351654732
Eubacterium limosum,0.3074849532803302,0.691841144880743
Phocaeicola coprocola,0.305480573148028,0.691841144880743
Roseburia hominis,0.31318881037696394,0.6986519616101503
Actinomyces oris,0.3299174096737357,0.6987971699239985
Oscillibacter sp. 57_20,0.33372314247363294,0.6987971699239985
Paraprevotella clara,0.32820324596046835,0.6987971699239985
Eggerthella lenta,0.3252380207160641,0.6987971699239985
Victivallis vadensis,0.3296907493692905,0.6987971699239985
Clostridium sp. CAG:242,0.31718904921632274,0.6987971699239985
Bacteroides thetaiotaomicron,0.320118499074325,0.6987971699239985
Ruminococcus sp. CAG:403,0.33467297410153185,0.6987971699239985
Bifidobacterium pseudocatenulatum,0.345290672574801,0.7040692620470552
Christensenella hongkongensis,0.3425186999865077,0.7040692620470552
Lancefieldella parvula,0.3447579694022771,0.7040692620470552
[Bacteroides] pectinophilus,0.3555849633282327,0.7104075632391904
Megasphaera elsdenii,0.3514111211997428,0.7104075632391904
Streptococcus mitis,0.3592865837071768,0.7104075632391904
Roseburia inulinivorans,0.35688222445691803,0.7104075632391904
Eubacterium sp. CAG:274,0.36705382731401026,0.7149332009623632
Streptococcus gordonii,0.3667443968316606,0.7149332009623632
Bacteroides caccae,0.37604363354668074,0.7162112149151016
Rothia mucilaginosa,0.37875880404417095,0.7162112149151016
Parabacteroides johnsonii,0.3803396511669493,0.7162112149151016
Clostridium disporicum,0.3783621381482099,0.7162112149151016
Faecalicoccus pleomorphus,0.38352540594405604,0.7162112149151016
Methanobrevibacter smithii,0.3841745980387518,0.7162112149151016
Enterococcus durans,0.39569784338110614,0.726623274337056
Akkermansia muciniphila,0.39811160241455557,0.726623274337056
Alistipes finegoldii,0.39637546591072004,0.726623274337056
Parasutterella excrementihominis,0.4160436815687796,0.7341910871245987
Eisenbergiella massiliensis,0.4247618933172965,0.7341910871245987
Bacteroides finegoldii,0.40687207413399007,0.7341910871245987
Holdemania filiformis,0.42448489603812734,0.7341910871245987
Firmicutes bacterium CAG:95,0.41864472235902506,0.7341910871245987
Veillonella atypica,0.41666861177879055,0.7341910871245987
Actinomyces sp. oral taxon 448,0.4194326187863482,0.7341910871245987
Bacteroides eggerthii,0.41312013137386094,0.7341910871245987
Streptococcus vestibularis,0.44089130669513243,0.7570567832067734
Actinomyces sp. HPA0247,0.4451418408782236,0.7593596109099109
Gemella haemolysans,0.45122547677979574,0.7647392820748486
Actinomyces graevenitzii,0.46515293877204167,0.7683855507563473
Anaeromassilibacillus sp. An250,0.46149452488585263,0.7683855507563473
Clostridium bolteae CAG:59,0.46335297331568703,0.7683855507563473
[Eubacterium] brachy,0.45994721207809164,0.7683855507563473
Bacteroides faecis,0.46913583989210483,0.7700909069927003
Streptococcus sp. F0442,0.48553403646275906,0.7714827172958442
Anaerotruncus colihominis,0.4778858364271231,0.7714827172958442
Sellimonas intestinalis,0.4877189592100164,0.7714827172958442
[Eubacterium] siraeum,0.4857561810773231,0.7714827172958442
Faecalitalea cylindroides,0.4788325814383406,0.7714827172958442
Parabacteroides goldsteinii,0.48650717437548774,0.7714827172958442
[Clostridium] leptum,0.5070219967846087,0.7857261769524057
Allisonella histaminiformans,0.5117756708119117,0.7857261769524057
Streptococcus infantis,0.5088850753758913,0.7857261769524057
Bifidobacterium catenulatum,0.5061191577473301,0.7857261769524057
Hafnia alvei,0.5073164948624258,0.7857261769524057
Turicimonas muris,0.5186261278477258,0.7869849963270722
Adlercreutzia caecimuris,0.5180489048964116,0.7869849963270722
Blautia sp. CAG:257,0.5237839273602277,0.790217370179303
Rothia dentocariosa,0.5369371497877544,0.8009392201215337
Slackia isoflavoniconvertens,0.5370282127251663,0.8009392201215337
Phocaeicola dorei,0.5450084130166155,0.8082227033939582
Mogibacterium diversum,0.5572080310789773,0.8179028959956357
Bacteroides galacturonicus,0.5609372351847464,0.8179028959956357
Enterocloster aldenensis,0.5605571182067797,0.8179028959956357
Bifidobacterium dentium,0.5670868888318578,0.8222759888061937
Desulfovibrionaceae bacterium,0.5715221387177729,0.8241286088692747
Firmicutes bacterium CAG:238,0.5760893261582591,0.8261500776225584
Prevotella sp. CAG:1185,0.5807140265315937,0.8282314804630926
Clostridium paraputrificum,0.5961720693796942,0.8456571201527185
Oscillibacter sp. CAG:241,0.599444567215655,0.8457028759096538
Clostridium perfringens,0.6083269345265594,0.8490552401680855
Coprobacter fastidiosus,0.6065348879892885,0.8490552401680855
Dielma fastidiosa,0.6185901626673125,0.8587874066817477
Bacteroides sp. CAG:144,0.6323858537729394,0.8693808126712108
Bifidobacterium adolescentis,0.6328825839368968,0.8693808126712108
Enterocloster asparagiformis,0.6602510218688513,0.879211819937603
[Clostridium] innocuum,0.6534297680894994,0.879211819937603
Veillonella infantium,0.6588210895789834,0.879211819937603
Firmicutes bacterium CAG:83,0.6541581579535446,0.879211819937603
Adlercreutzia equolifaciens,0.6588400945435494,0.879211819937603
Alistipes putredinis,0.6507800076303507,0.879211819937603
Lancefieldella rimae,0.6663827873622102,0.879348803367303
Lactobacillus gasseri,0.667092195657954,0.879348803367303
Bacteroides clarus,0.7005279798715228,0.8889796258782293
Alloscardovia omnicolens,0.680153681327526,0.8889796258782293
Massilimicrobiota timonensis,0.7005248189755313,0.8889796258782293
Firmicutes bacterium CAG:145,0.7122583350895695,0.8889796258782293
Enterococcus faecium,0.6958264095494278,0.8889796258782293
Cloacibacillus porcorum,0.7018264981489253,0.8889796258782293
Clostridium sp. CAG:253,0.712609657230918,0.8889796258782293
Christensenella minuta,0.7152709633502995,0.8889796258782293
Roseburia sp. CAG:309,0.6950151082496907,0.8889796258782293
Eubacteriaceae bacterium CHKCI005,0.6980136486141862,0.8889796258782293
Lacrimispora saccharolytica,0.7101018734910318,0.8889796258782293
Actinomyces naeslundii,0.7017704900969367,0.8889796258782293
Enterococcus faecalis,0.76178308461837,0.8990815146042042
Propionibacterium freudenreichii,0.747684589252002,0.8990815146042042
Blautia producta,0.7700576535086854,0.8990815146042042
Dorea sp. CAG:317,0.7381878898751334,0.8990815146042042
Bacteroides intestinalis,0.7486490275287447,0.8990815146042042
Blautia hydrogenotrophica,0.7311634340598169,0.8990815146042042
Ruminococcus obeum CAG:39,0.7750702712105207,0.8990815146042042
Actinomyces sp. HMSC035G02,0.7742211340799856,0.8990815146042042
Enorma massiliensis,0.7666538825888779,0.8990815146042042
Proteobacteria bacterium CAG:139,0.7637096331444092,0.8990815146042042
Paraprevotella xylaniphila,0.7714986679630963,0.8990815146042042
Lactobacillus rogosae,0.754304764231815,0.8990815146042042
Harryflintia acetispora,0.7528499544309467,0.8990815146042042
Haemophilus sp. HMSC71H05,0.7453832754124508,0.8990815146042042
[Clostridium] spiroforme,0.7543086059971641,0.8990815146042042
Eubacterium sp. CAG:251,0.7795767237935645,0.9003076323456651
Odoribacter splanchnicus,0.7895399181527933,0.9038609338407486
Lactonifactor longoviformis,0.8035716283194182,0.9038609338407486
Coprococcus eutactus,0.8103580786158436,0.9038609338407486
Collinsella aerofaciens,0.7920211446253806,0.9038609338407486
Blautia coccoides,0.8071271887978164,0.9038609338407486
Barnesiella intestinihominis,0.8061916909905289,0.9038609338407486
Alistipes onderdonkii,0.7968450267391255,0.9038609338407486
Actinomyces sp. S6-Spd3,0.8050869717876259,0.9038609338407486
Bifidobacterium animalis,0.815404217937884,0.9056191526884584
Bifidobacterium bifidum,0.8479742014052395,0.9378019769778284
Dialister invisus,0.8550418878315871,0.94162840811833
Firmicutes bacterium CAG:170,0.8776179168730955,0.9584410999610342
Veillonella parvula,0.8813251493894567,0.9584410999610342
Bacteroides uniformis,0.8777971959664698,0.9584410999610342
Enterocloster bolteae,0.8954960408551386,0.9698110649924945
Roseburia sp. CAG:303,0.9091377228712322,0.9771582138441629
[Clostridium] methylpentosum,0.913511893402206,0.9771582138441629
Collinsella intestinalis,0.9130773390784077,0.9771582138441629
Phascolarctobacterium succinatutens,0.9174191745845344,0.9773322635369938
Alistipes shahii,0.9236308954783772,0.9799498525197416
Coprococcus catus,0.9339668925249183,0.9829248344717889
Veillonella dispar,0.9311666375512765,0.9829248344717889
Oscillibacter sp. PC13,0.9398074300839683,0.9850993544253644
Leuconostoc mesenteroides,0.9683364097852042,0.9889573024159815
Coprobacillus cateniformis,0.9719734833102774,0.9889573024159815
Clostridium sp. CAG:167,0.9669377630734433,0.9889573024159815
Enterocloster clostridioformis,0.9675793981981601,0.9889573024159815
Sanguibacteroides justesenii,0.9738008686624798,0.9889573024159815
[Ruminococcus] gnavus,0.972311782100627,0.9889573024159815
[Clostridium] scindens,0.9658919650488176,0.9889573024159815
Haemophilus parainfluenzae,0.9637368248315173,0.9889573024159815
Lactococcus lactis,0.9809613511707604,0.99184255466664
Denitrobacterium detoxificans,0.9871693163018191,0.99184255466664
Streptococcus mutans,0.9880423916219402,0.99184255466664
Latilactobacillus sakei,0.9938944825844972,0.9938944825844972
